{
    "title" : "Тест на кругозор",
    "test" : [
        {
            "q" : "Сколько сердец у осьминога?",
            "a" : [
                "1",
                "2",
                "3",
                "4",
                "8"
            ],
            "c" : 2
        },
        {
            "q" : "Кто Александр Дюма по национальности?",
            "a" : [
                "Русский",
                "Француз",
                "Испанец",
                "Азербайджанец"
            ],
            "c" : 1
        },
        {
            "q" : "Именем какого президента назван аэропорт в Вашингтоне?",
            "a" : [
                "Рейган",
                "Обама",
                "Тедди",
                "Трамп",
                "Буш"
            ],
            "c" : 0
        },
        {
            "q" : "Кто режиссёр фильма «Назад в будущее»?",
            "a" : [
                "Квентин Тарантино",
                "Брюс Уиллис",
                "Роберт Земекис",
                "Мурокама"
            ],
            "c" : 2
        },
        {
            "q" : "У какого музыкального инструмента сорок пять струн и семь педалей?",
            "a" : [
                "Орган",
                "Синтезатор",
                "Арфа"
            ],
            "c" : 2
        },
        {
            "q" : "Кто из этих авторов пишет на португальском?",
            "a" : [
                "Пауло Коэльо",
                "Ричард Бах",
                "Терри Пратчетт",
                "Умберто Эко"
            ],
            "c" : 0
        },
        {
            "q" : "Как назывался популярный сатирический киножурнал Михалкова?",
            "a" : [
                "Спичка",
                "Фитиль",
                "Финал"
            ],
            "c" : 1
        },
        {
            "q" : "Какую фамилию носил офицер из «Капитанской дочки»?",
            "a" : [
                "Швабрин",
                "Тряпкин",
                "Метёлкин"
            ],
            "c" : 0
        }
    ]
}